CREATE TABLE CUSTOMER_DETAILS
( DL_NUMBER CHAR(8) NOT NULL,
  FNAME VARCHAR(25) NOT NULL,
  MNAME VARCHAR(15),
  LNAME VARCHAR(25) NOT NULL,
  PHONE_NUMBER NUMBER(10) NOT NULL,
  EMAIL_ID VARCHAR(30) NOT NULL,
  STREET VARCHAR(30) NOT NULL,
  CITY VARCHAR(20) NOT NULL,
  STATE_NAME VARCHAR(20) NOT NULL,
  ZIPCODE NUMBER(5) NOT NULL,
  PRIMARY KEY (DL_NUMBER)
);

CREATE TABLE CAR_CATEGORY
( CATEGORY_NAME VARCHAR(25) NOT NULL,
  NO_OF_LUGGAGE INTEGER NOT NULL,
  NO_OF_PERSON INTEGER NOT NULL,
  COST_PER_DAY NUMBER(5,2) NOT NULL,
  LATE_FEE_PER_HOUR NUMBER(5,2) NOT NULL,
  PRIMARY KEY (CATEGORY_NAME)
);

CREATE TABLE LOCATION_DETAILS
( LOCATION_ID CHAR(4) NOT NULL,
  LOCATION_NAME VARCHAR(50) NOT NULL,
  STREET VARCHAR(30) NOT NULL,
  CITY VARCHAR(20) NOT NULL,
  STATE_NAME VARCHAR(20) NOT NULL,
  ZIPCODE NUMBER(5) NOT NULL,
  PRIMARY KEY (LOCATION_ID)
);

CREATE TABLE CAR
( REGISTRATION_NUMBER CHAR(7) NOT NULL,
  MODEL_NAME VARCHAR(25) NOT NULL,
  MAKE VARCHAR(25) NOT NULL,
  MODEL_YEAR NUMBER(4) NOT NULL,
  MILEAGE INTEGER NOT NULL,
  CAR_CATEGORY_NAME VARCHAR(25) NOT NULL,
  LOC_ID CHAR(4) NOT NULL,
  AVAILABILITY_FLAG CHAR(1) NOT NULL,
  PRIMARY KEY (REGISTRATION_NUMBER),
  FOREIGN KEY (CAR_CATEGORY_NAME) REFERENCES CAR_CATEGORY(CATEGORY_NAME),
  FOREIGN KEY (LOC_ID) REFERENCES LOCATION_DETAILS(LOCATION_ID)
);

CREATE TABLE RENTAL_CAR_INSURANCE
( INSURANCE_CODE CHAR(4) NOT NULL,
  INSURANCE_NAME VARCHAR(50) NOT NULL,
  COVERAGE_TYPE VARCHAR(200) NOT NULL,
  COST_PER_DAY NUMBER(4,2) NOT NULL,
  PRIMARY KEY (INSURANCE_CODE),
  UNIQUE (INSURANCE_NAME)
);

CREATE TABLE BOOKING_DETAILS
( BOOKING_ID CHAR(5) NOT NULL,
  FROM_DT_TIME datetime NOT NULL,
  RET_DT_TIME datetime NOT NULL,
  AMOUNT NUMBER(10,2) NOT NULL,
  BOOKING_STATUS CHAR(1) NOT NULL,
  PICKUP_LOC  CHAR(4) NOT NULL,
  DROP_LOC CHAR(4) NOT NULL,
  REG_NUM CHAR(7) NOT NULL,
  DL_NUM CHAR(8) NOT NULL,
  INS_CODE CHAR(4),
  ACT_RET_DT_TIME datetime,
  PRIMARY KEY (BOOKING_ID),
  FOREIGN KEY (PICKUP_LOC) REFERENCES LOCATION_DETAILS(LOCATION_ID),
  FOREIGN KEY (DROP_LOC) REFERENCES LOCATION_DETAILS(LOCATION_ID),
  FOREIGN KEY (REG_NUM) REFERENCES CAR(REGISTRATION_NUMBER),
  FOREIGN KEY (DL_NUM) REFERENCES CUSTOMER_DETAILS(DL_NUMBER),
  FOREIGN KEY (INS_CODE) REFERENCES RENTAL_CAR_INSURANCE(INSURANCE_CODE)
);

CREATE TABLE BILLING_DETAILS
( BILL_ID CHAR(6) NOT NULL,
  BILL_DATE DATE NOT NULL,
  BILL_STATUS CHAR(1) NOT NULL,
  TOTAL_AMOUNT NUMBER(10,2) NOT NULL,
  TAX_AMOUNT NUMBER(10,2) NOT NULL,
  BOOKING_ID CHAR(5) NOT NULL,
  TOTAL_LATE_FEE NUMBER(10,2) NOT NULL,
  PRIMARY KEY (BILL_ID),
  FOREIGN KEY (BOOKING_ID) REFERENCES BOOKING_DETAILS(BOOKING_ID)
);


INSERT INTO CUSTOMER_DETAILS VALUES('F1234554', 'KEERTHIKUMAR',NULL,'RAVICHANDRAN','4696004267', 'keerthi@gmail.com','700 Paseo de la Reforma','Santa Fe','Ciudad de Mexico',75080);
INSERT INTO CUSTOMER_DETAILS VALUES('F9764521', 'NIVEDITHA',NULL,'VARADHA CHANDRASEKARAN','4696478596', 'nivi07@gmail.com','800 Independencia','Zapopan','Jalisco',75080);
INSERT INTO CUSTOMER_DETAILS VALUES('F2345611', 'SURESH','KUMAR','GOPALAKRISHNAN','8189187546', 'suresh2234@gmail.com','6547 Reforma','San Pedro','Nuevo Leon',91303);
INSERT INTO CUSTOMER_DETAILS VALUES('R8763578', 'MARK',NULL,'HUFF','7345678902', 'markhuff@gmail.com','1445 Constitucion','Coyoacan','Ciudad de Mexico',75202);
INSERT INTO CUSTOMER_DETAILS VALUES('I3478953', 'MARK','S','TOWNSEND','9872563478', 'markstown@gmail.com','7825 Reforma','Condesa','Ciudad de Mexico',75252);
INSERT INTO CUSTOMER_DETAILS VALUES('E7521097', 'MITA',NULL,'RANA','9098123429', 'mitarana@gmail.com','367 Independencia','Guadalajara','Jalisco',76245);
INSERT INTO CUSTOMER_DETAILS VALUES('T0981237', 'DANISH',NULL,'HASSAN','6712890345', 'danishhasan@gmail.com','888 Insurgentes','Monterrey','Nuevo Leon',92367);
INSERT INTO CUSTOMER_DETAILS VALUES('F0091266', 'MIKE',NULL,'BOYEAR','7892340918', 'mikeboy@gmail.com','1007 Mayor','Monterrey','Nuevo Leon',72212);
INSERT INTO CUSTOMER_DETAILS VALUES('P1234567', 'CHRIS',NULL,'ALEXANDER','9902489', 'chrisalex@gmail.com','2256 Zapata','Guadalajara','Jalisco',65289);
INSERT INTO CUSTOMER_DETAILS VALUES('V5690245', 'VELA','R','REYNALDO','9908762514', 'reyvela@gmail.com','0099 Fuentes','Roma','Ciudad de Mexico',97325);


INSERT INTO CAR_CATEGORY VALUES('ECONOMY',2,5,30,0.9);
INSERT INTO CAR_CATEGORY VALUES('COMPACT',3,5,32,0.96);
INSERT INTO CAR_CATEGORY VALUES('MID SIZE',3,5,35,1.05);
INSERT INTO CAR_CATEGORY VALUES('STANDARD',3,5,38,1.14);
INSERT INTO CAR_CATEGORY VALUES('FULL SIZE',4,5,40,1.2);
INSERT INTO CAR_CATEGORY VALUES('LUXURY CAR',5,5,75,2.25);
INSERT INTO CAR_CATEGORY VALUES('MID SIZE SUV',2,5,36,1.08);
INSERT INTO CAR_CATEGORY VALUES('STANDARD SUV',3,5,40,1.2);
INSERT INTO CAR_CATEGORY VALUES('FULL SIZE SUV',2,8,60,1.8);
INSERT INTO CAR_CATEGORY VALUES('MINI VAN',5,7,70,2.1);


INSERT INTO LOCATION_DETAILS VALUES('L101','Aeropuerto Internacional CDMX','Carlos Leon','Venustiano Carranza','Ciudad de Mexico',75235);
INSERT INTO LOCATION_DETAILS VALUES('L102','Aeropuerto Internacional de Guadalajara','Carr. Guadalajara','Chapala','Jalisco',90045);
INSERT INTO LOCATION_DETAILS VALUES('L103','Aeropuerto Internacional de Monterrey','Carr. Miguel Aleman','Apodaca','Nuevo Leon',75261);


INSERT INTO CAR VALUES('ABX1234','CIVIC','HONDA',2014,10000,'ECONOMY','L101','A');
INSERT INTO CAR VALUES('SDF4567','FIESTA','FORD',2015,15000,'ECONOMY','L102','N');
INSERT INTO CAR VALUES('WER3245','ACCENT','HYUNDAI',2014,12356,'ECONOMY','L103','A');
INSERT INTO CAR VALUES('GLZ2376','COROLLA','TOYOTA',2016,5000,'ECONOMY','L102','A');
INSERT INTO CAR VALUES('HJK1234','CIVIC','HONDA',2015,20145,'ECONOMY','L102','N');
INSERT INTO CAR VALUES('GLS7625','FOCUS','FORD',2014,12000,'COMPACT','L103','A');
INSERT INTO CAR VALUES('FKD8202','GOLF','VOLKSWAGAN',2016,9000,'COMPACT','L101','A');
INSERT INTO CAR VALUES('HNX1890','PRIUS','TOYOTA',2015,15690,'COMPACT','L101','N');
INSERT INTO CAR VALUES('KJS1983','PRIUS','TOYOTA',2014,20900,'COMPACT','L103','A');
INSERT INTO CAR VALUES('SDL9356','FOCUS','FORD',2016,10009,'COMPACT','L102','A');
INSERT INTO CAR VALUES('OTY7293','CRUZE','CHEVROLET',2016,17800,'MID SIZE','L102','A');
INSERT INTO CAR VALUES('QWE4562','LEGACY','SUBARU',2012,13420,'MID SIZE','L101','A');
INSERT INTO CAR VALUES('CXZ2356','AVENGER','DODGE',2015,5000,'MID SIZE','L102','A');
INSERT INTO CAR VALUES('ASD9090','ACCORD','HONDA',2016,200,'MID SIZE','L103','A');
INSERT INTO CAR VALUES('UYT3981','LEGACY','SUBARU',2013,16750,'MID SIZE','L103','A');
INSERT INTO CAR VALUES('TRE9726','200','CHRYSTLER',2012,14320,'STANDARD','L102','A');
INSERT INTO CAR VALUES('HGF5628','TAURUS','FORD',2013,15540,'STANDARD','L101','A');
INSERT INTO CAR VALUES('LKJ7253','200','CHRYSTLER',2014,16300,'STANDARD','L101','A');
INSERT INTO CAR VALUES('VBN6283','TAURUS','FORD',2015,17500,'STANDARD','L101','A');
INSERT INTO CAR VALUES('POI7281','200','CHRYSTLER',2016,18830,'STANDARD','L102','N');
INSERT INTO CAR VALUES('MNB8654','FALCON','FORD',2012,10900,'FULL SIZE','L103','A');
INSERT INTO CAR VALUES('UHV9786','IMPALA','CHEVROLET',2013,11500,'FULL SIZE','L101','A');
INSERT INTO CAR VALUES('EFB5427','WAYFARER','FORD',2014,14350,'FULL SIZE','L102','A');
INSERT INTO CAR VALUES('PLM9873','IMPALA','CHEVROLET',2015,18900,'FULL SIZE','L102','A');
INSERT INTO CAR VALUES('WDV2458','FALCON','FORD',2016,5600,'FULL SIZE','L101','A');
INSERT INTO CAR VALUES('QSC8709','MKZ','LINCOLN',2012,18700,'LUXURY CAR','L103','A');
INSERT INTO CAR VALUES('TGB8961','GENESIS','HYUNDAI',2013,17620,'LUXURY CAR','L103','A');
INSERT INTO CAR VALUES('MKU0172','TLX','ACURA',2014,12345,'LUXURY CAR','L103','A');
INSERT INTO CAR VALUES('CFT1908','328I','BMW',2015,10800,'LUXURY CAR','L101','A');
INSERT INTO CAR VALUES('WHM7619','AVALON','TOYOTA',2016,7800,'LUXURY CAR','L101','A');
INSERT INTO CAR VALUES('WLZ8955','ESCAPE','FORD',2012,19800,'MID SIZE SUV','L106','A');


INSERT INTO RENTAL_CAR_INSURANCE VALUES('I201', 'COLLISION DAMAGE WAIVER', 'Covers theft and total damage to the rental car',15);
INSERT INTO RENTAL_CAR_INSURANCE VALUES('I202', 'SUPPLEMENTAL LIABILITY PROTECTION', 'Covers damage done to others',12);
INSERT INTO RENTAL_CAR_INSURANCE VALUES('I203', 'PERSONAL ACCIDENT INSURANCE', 'Covers medical costs for driver and passengers',10);
INSERT INTO RENTAL_CAR_INSURANCE VALUES('I204', 'PERSONAL EFFECTS COVERAGE', 'Covers theft of personal belongings',5);


INSERT INTO BOOKING_DETAILS VALUES('B1001',datetime('2019-01-20 10:00:00'),datetime('2019-01-25 10:00:00'),150,'R','L101','L101','ABX1234','F1234554',NULL,datetime('2016-01-25 10:00:00'));
INSERT INTO BOOKING_DETAILS VALUES('B1002',datetime('2019-01-21 11:00:00'),datetime('2019-01-24 10:00:00'),90,'C','L102','L102','SDF4567','T0981237',NULL,NULL);
INSERT INTO BOOKING_DETAILS VALUES('B1003',datetime('2019-02-10 13:00:00'),datetime('2019-01-15 13:00:00'),450,'R','L101','L101','QSC8709','R8763578','I201',datetime('2019-01-15 13:00:00'));
INSERT INTO BOOKING_DETAILS VALUES('B1004',datetime('2019-04-24 13:00:00'),datetime('2019-04-25 20:30:00'),48,'R','L103','L103','WLZ8955','F0091266','I202',datetime('2019-04-23 20:30:00'));
INSERT INTO BOOKING_DETAILS VALUES('B1005',datetime('2019-04-18 09:00:00'),datetime('2019-04-25 09:00:00'),266,'B','L101','L101','POI7281','P1234567',NULL,NULL);
INSERT INTO BOOKING_DETAILS VALUES('B1006',datetime('2019-04-21 17:00:00'),datetime('2019-04-25 17:00:00'),168,'B','L101','L103','WLZ8955','V5690245','I203',NULL);
INSERT INTO BOOKING_DETAILS VALUES('B1007',datetime('2019-04-16 08:00:00'),datetime('2019-04-25 17:00:00'),405,'B','L102','L102','SDF4567','I3478953','I201',NULL);
INSERT INTO BOOKING_DETAILS VALUES('B1008',datetime('2019-04-11 08:00:00'),datetime('2019-04-25 17:00:00'),630,'B','L102','L102','HJK1234','T0981237','I201',NULL);
INSERT INTO BOOKING_DETAILS VALUES('B1009',datetime('2019-01-25 10:00:00'),datetime('2019-01-28 10:00:00'),180,'R','L101','L101','ABX1234','F1234554',NULL,datetime('2016-01-25 10:00:00'));
INSERT INTO BOOKING_DETAILS VALUES('B1010',datetime('2019-03-21 11:00:00'),datetime('2019-03-24 10:00:00'),90,'C','L102','L102','WLZ8955','T0981237',NULL,NULL);
INSERT INTO BOOKING_DETAILS VALUES('B1011',datetime('2019-02-10 13:00:00'),datetime('2019-02-16 13:00:00'),450,'R','L101','L101','ABX1234','R8763578','I201',datetime('2019-02-17 13:00:00'));
INSERT INTO BOOKING_DETAILS VALUES('B1012',datetime('2019-03-24 13:00:00'),datetime('2019-03-25 20:30:00'),48,'R','L103','L103','WLZ8955','F0091266','I202',datetime('2019-03-25 20:30:00'));
INSERT INTO BOOKING_DETAILS VALUES('B1013',datetime('2019-03-18 09:00:00'),datetime('2019-03-25 09:00:00'),266,'B','L101','L101','ABX1234','P1234567',NULL,NULL);
INSERT INTO BOOKING_DETAILS VALUES('B1014',datetime('2019-03-21 17:00:00'),datetime('2019-03-25 17:00:00'),168,'B','L101','L103','WLZ8955','V5690245','I203',NULL);
INSERT INTO BOOKING_DETAILS VALUES('B1015',datetime('2019-03-16 08:00:00'),datetime('2019-03-25 17:00:00'),405,'B','L102','L102','SDF4567','I3478953','I201',NULL);
INSERT INTO BOOKING_DETAILS VALUES('B1016',datetime('2019-03-11 08:00:00'),datetime('2019-03-25 17:00:00'),630,'B','L102','L102','HJK1234','T0981237','I201',NULL);


INSERT INTO BILLING_DETAILS VALUES('BL1001',datetime('2019-01-25'),'P',138.03,12.38 ,'B1001',0);
INSERT INTO BILLING_DETAILS VALUES('BL1002',datetime('2019-01-15'),'P',487.13 ,12.38 ,'B1003',0);
INSERT INTO BILLING_DETAILS VALUES('BL1003',datetime('2019-04-24'),'P',41.57 ,3.96 ,'B1004',0);

